{
    "oses": [
        {
            "version": "11-21H2",
            "update": "KB5029332",
            "architecture": "arm64"
        },
        {
            "version": "11-22H2",
            "update": "KB5034204",
            "architecture": "amd64"
        },
        {
            "version": "21H2",
            "update": "KB5035845",
            "architecture": "arm64"
        },
        {
            "version": "20H2",
            "update": "BASE",
            "architecture": "arm64"
        },
        {
            "version": "1809",
            "update": "KB5030214",
            "architecture": "arm64"
        },
        {
            "version": "1507",
            "update": "KB5039225",
            "architecture": "amd64"
        },
        {
            "version": "11-21H2",
            "update": "KB5035854",
            "architecture": "arm64"
        },
        {
            "version": "22H2",
            "update": "KB5034843",
            "architecture": "amd64"
        },
        {
            "version": "22H2",
            "update": "BASE",
            "architecture": "arm64"
        },
        {
            "version": "1607",
            "update": "KB5032197",
            "architecture": "amd64"
        },
        {
            "version": "1607",
            "update": "BASE",
            "architecture": "amd64"
        },
        {
            "version": "11-22H2",
            "update": "KB5035942",
            "architecture": "amd64"
        },
        {
            "version": "11-22H2",
            "update": "KB5040527",
            "architecture": "amd64"
        },
        {
            "version": "1507",
            "update": "KB5030220",
            "architecture": "amd64"
        },
        {
            "version": "11-22H2",
            "update": "KB5032190",
            "architecture": "arm64"
        },
        {
            "version": "1809",
            "update": "KB5032196",
            "architecture": "arm64"
        },
        {
            "version": "21H2",
            "update": "KB5032189",
            "architecture": "arm64"
        },
        {
            "version": "21H2",
            "update": "KB5034763",
            "architecture": "amd64"
        },
        {
            "version": "11-21H2",
            "update": "KB5030301",
            "architecture": "amd64"
        },
        {
            "version": "22H2",
            "update": "KB5039299",
            "architecture": "arm64"
        },
        {
            "version": "1809",
            "update": "KB5040430",
            "architecture": "arm64"
        },
        {
            "version": "11-23H2",
            "update": "BASE",
            "architecture": "amd64"
        },
        {
            "version": "11-21H2",
            "update": "KB5030217",
            "architecture": "arm64"
        },
        {
            "version": "1507",
            "update": "BASE",
            "architecture": "amd64"
        },
        {
            "version": "1607",
            "update": "KB5029242",
            "architecture": "amd64"
        },
        {
            "version": "11-22H2",
            "update": "KB5030219",
            "architecture": "amd64"
        },
        {
            "version": "1703",
            "update": "BASE",
            "architecture": "amd64"
        },
        {
            "version": "11-21H2",
            "update": "KB5039213",
            "architecture": "arm64"
        },
        {
            "version": "11-21H2",
            "update": "KB5029253",
            "architecture": "amd64"
        },
        {
            "version": "21H2",
            "update": "KB5029244",
            "architecture": "amd64"
        },
        {
            "version": "22H2",
            "update": "KB5035941",
            "architecture": "amd64"
        },
        {
            "version": "22H2",
            "update": "KB5040525",
            "architecture": "arm64"
        },
        {
            "version": "11-22H2",
            "update": "KB5031455",
            "architecture": "amd64"
        },
        {
            "version": "22H2",
            "update": "KB5037849",
            "architecture": "amd64"
        },
        {
            "version": "11-Insider",
            "update": "89b5408e-6bab-4869-94d2-fd4807e785e0",
            "architecture": "amd64"
        },
        {
            "version": "11-22H2",
            "update": "KB5040527",
            "architecture": "arm64"
        },
        {
            "version": "11-22H2",
            "update": "KB5035942",
            "architecture": "arm64"
        },
        {
            "version": "1809",
            "update": "KB5039705",
            "architecture": "amd64"
        },
        {
            "version": "11-22H2",
            "update": "KB5040442",
            "architecture": "arm64"
        },
        {
            "version": "11-22H2",
            "update": "KB5030310",
            "architecture": "amd64"
        },
        {
            "version": "11-22H2",
            "update": "KB5035853",
            "architecture": "amd64"
        },
        {
            "version": "1809",
            "update": "KB5037765",
            "architecture": "arm64"
        },
        {
            "version": "11-22H2",
            "update": "KB5029351",
            "architecture": "arm64"
        },
        {
            "version": "21H2",
            "update": "KB5037768",
            "architecture": "amd64"
        },
        {
            "version": "1809",
            "update": "BASE",
            "architecture": "arm64"
        },
        {
            "version": "1809",
            "update": "KB5029247",
            "architecture": "arm64"
        },
        {
            "version": "11-22H2",
            "update": "KB5029263",
            "architecture": "amd64"
        },
        {
            "version": "11-22H2",
            "update": "BASE",
            "architecture": "arm64"
        },
        {
            "version": "11-Insider",
            "update": "79f540e7-079b-4616-8db5-12320aaf9769",
            "architecture": "arm64"
        },
        {
            "version": "1809",
            "update": "KB5031361",
            "architecture": "amd64"
        },
        {
            "version": "11-21H2",
            "update": "KB5034766",
            "architecture": "amd64"
        },
        {
            "version": "11-22H2",
            "update": "KB5033375",
            "architecture": "amd64"
        },
        {
            "version": "11-22H2",
            "update": "KB5037771",
            "architecture": "amd64"
        },
        {
            "version": "21H2",
            "update": "KB5040427",
            "architecture": "arm64"
        },
        {
            "version": "22H2",
            "update": "KB5031445",
            "architecture": "arm64"
        },
        {
            "version": "11-21H2",
            "update": "BASE",
            "architecture": "amd64"
        },
        {
            "version": "11-Insider",
            "update": "3eeb3998-3201-4d05-9d2e-bf6c8e8a1c89",
            "architecture": "arm64"
        },
        {
            "version": "1909",
            "update": "BASE",
            "architecture": "arm64"
        },
        {
            "version": "1607",
            "update": "KB5037763",
            "architecture": "amd64"
        },
        {
            "version": "21H1",
            "update": "BASE",
            "architecture": "amd64"
        },
        {
            "version": "21H2",
            "update": "KB5030211",
            "architecture": "amd64"
        },
        {
            "version": "22H2",
            "update": "KB5034203",
            "architecture": "arm64"
        },
        {
            "version": "1809",
            "update": "KB5039217",
            "architecture": "amd64"
        },
        {
            "version": "11-Insider",
            "update": "e5ecacd4-6e2d-4c87-a410-3759d50109d0",
            "architecture": "amd64"
        },
        {
            "version": "22H2",
            "update": "KB5036979",
            "architecture": "arm64"
        },
        {
            "version": "11-22H2",
            "update": "KB5037853",
            "architecture": "amd64"
        },
        {
            "version": "1507",
            "update": "KB5036925",
            "architecture": "amd64"
        },
        {
            "version": "1809",
            "update": "KB5037425",
            "architecture": "arm64"
        },
        {
            "version": "11-21H2",
            "update": "KB5033369",
            "architecture": "amd64"
        },
        {
            "version": "22H2",
            "update": "KB5035941",
            "architecture": "arm64"
        },
        {
            "version": "11-22H2",
            "update": "KB5031455",
            "architecture": "arm64"
        },
        {
            "version": "11-Insider",
            "update": "eb27a10b-6106-4156-a9af-fd35ac6b41ff",
            "architecture": "arm64"
        },
        {
            "version": "11-Insider",
            "update": "b73925db-dc53-400d-89c5-1061baf24d9f",
            "architecture": "amd64"
        },
        {
            "version": "11-Insider",
            "update": "6ff33308-7fd8-4bb5-adb1-29fcd58d394b",
            "architecture": "arm64"
        },
        {
            "version": "11-22H2",
            "update": "KB5032288",
            "architecture": "amd64"
        },
        {
            "version": "1507",
            "update": "KB5037788",
            "architecture": "amd64"
        },
        {
            "version": "1607",
            "update": "KB5033373",
            "architecture": "amd64"
        },
        {
            "version": "11-Insider",
            "update": "895aa2b3-2f6e-4c0c-a25a-322f714a305e",
            "architecture": "arm64"
        },
        {
            "version": "21H2",
            "update": "KB5039211",
            "architecture": "arm64"
        },
        {
            "version": "21H2",
            "update": "KB5033372",
            "architecture": "amd64"
        },
        {
            "version": "11-22H2",
            "update": "KB5036893",
            "architecture": "amd64"
        },
        {
            "version": "11-22H2",
            "update": "KB5030310",
            "architecture": "arm64"
        },
        {
            "version": "11-22H2",
            "update": "KB5035853",
            "architecture": "arm64"
        },
        {
            "version": "11-21H2",
            "update": "KB5036894",
            "architecture": "arm64"
        },
        {
            "version": "1607",
            "update": "KB5037423",
            "architecture": "amd64"
        },
        {
            "version": "1709",
            "update": "BASE",
            "architecture": "arm64"
        },
        {
            "version": "1507",
            "update": "KB5029259",
            "architecture": "amd64"
        },
        {
            "version": "11-22H2",
            "update": "KB5034848",
            "architecture": "arm64"
        },
        {
            "version": "1607",
            "update": "KB5040434",
            "architecture": "amd64"
        },
        {
            "version": "11-21H2",
            "update": "KB5037770",
            "architecture": "arm64"
        },
        {
            "version": "11-Insider",
            "update": "a4d404fb-086f-4220-a2b8-d655fd92a2e5",
            "architecture": "amd64"
        },
        {
            "version": "11-21H2",
            "update": "KB5031358",
            "architecture": "amd64"
        },
        {
            "version": "1809",
            "update": "KB5031361",
            "architecture": "arm64"
        },
        {
            "version": "11-Insider",
            "update": "d0511e9a-9649-4636-80db-8dd6aefe3382",
            "architecture": "amd64"
        },
        {
            "version": "11-22H2",
            "update": "KB5039212",
            "architecture": "amd64"
        },
        {
            "version": "11-21H2",
            "update": "BASE",
            "architecture": "arm64"
        },
        {
            "version": "1507",
            "update": "KB5033379",
            "architecture": "amd64"
        },
        {
            "version": "11-22H2",
            "update": "KB5034204",
            "architecture": "arm64"
        },
        {
            "version": "21H2",
            "update": "KB5034122",
            "architecture": "amd64"
        },
        {
            "version": "11-22H2",
            "update": "KB5034765",
            "architecture": "amd64"
        },
        {
            "version": "21H2",
            "update": "KB5030211",
            "architecture": "arm64"
        },
        {
            "version": "11-21H2",
            "update": "KB5040431",
            "architecture": "amd64"
        },
        {
            "version": "21H2",
            "update": "KB5031356",
            "architecture": "amd64"
        },
        {
            "version": "11-21H2",
            "update": "KB5032192",
            "architecture": "amd64"
        },
        {
            "version": "11-Insider",
            "update": "128f6986-9ad7-45b8-ba91-24307e607a60",
            "architecture": "amd64"
        },
        {
            "version": "22H2",
            "update": "KB5034843",
            "architecture": "arm64"
        },
        {
            "version": "11-21H2",
            "update": "KB5034121",
            "architecture": "amd64"
        },
        {
            "version": "1607",
            "update": "KB5031362",
            "architecture": "amd64"
        },
        {
            "version": "11-22H2",
            "update": "KB5039302",
            "architecture": "amd64"
        },
        {
            "version": "1809",
            "update": "KB5036896",
            "architecture": "amd64"
        },
        {
            "version": "11-21H2",
            "update": "KB5033369",
            "architecture": "arm64"
        },
        {
            "version": "1507",
            "update": "KB5035858",
            "architecture": "amd64"
        },
        {
            "version": "1809",
            "update": "KB5033371",
            "architecture": "amd64"
        },
        {
            "version": "11-22H2",
            "update": "KB5036980",
            "architecture": "amd64"
        },
        {
            "version": "11-22H2",
            "update": "KB5032288",
            "architecture": "arm64"
        },
        {
            "version": "1507",
            "update": "KB5031377",
            "architecture": "amd64"
        },
        {
            "version": "21H2",
            "update": "KB5034763",
            "architecture": "arm64"
        },
        {
            "version": "22H2",
            "update": "KB5030300",
            "architecture": "amd64"
        },
        {
            "version": "11-21H2",
            "update": "KB5030301",
            "architecture": "arm64"
        },
        {
            "version": "21H2",
            "update": "KB5033372",
            "architecture": "arm64"
        },
        {
            "version": "11-22H2",
            "update": "KB5031354",
            "architecture": "amd64"
        },
        {
            "version": "21H2",
            "update": "BASE",
            "architecture": "amd64"
        },
        {
            "version": "1809",
            "update": "KB5034768",
            "architecture": "amd64"
        },
        {
            "version": "11-23H2",
            "update": "BASE",
            "architecture": "arm64"
        },
        {
            "version": "11-Insider",
            "update": "4b4c5667-e7b2-48fd-8109-449f8d1820cd",
            "architecture": "arm64"
        },
        {
            "version": "11-22H2",
            "update": "KB5030219",
            "architecture": "arm64"
        },
        {
            "version": "1903",
            "update": "BASE",
            "architecture": "amd64"
        },
        {
            "version": "11-22H2",
            "update": "KB5039212",
            "architecture": "arm64"
        },
        {
            "version": "1803",
            "update": "BASE",
            "architecture": "amd64"
        },
        {
            "version": "1809",
            "update": "KB5034127",
            "architecture": "amd64"
        },
        {
            "version": "1607",
            "update": "KB5034119",
            "architecture": "amd64"
        },
        {
            "version": "2004",
            "update": "BASE",
            "architecture": "amd64"
        },
        {
            "version": "1607",
            "update": "KB5039214",
            "architecture": "amd64"
        },
        {
            "version": "1607",
            "update": "KB5036899",
            "architecture": "amd64"
        },
        {
            "version": "21H2",
            "update": "KB5036892",
            "architecture": "amd64"
        },
        {
            "version": "1511",
            "update": "BASE",
            "architecture": "amd64"
        },
        {
            "version": "22H2",
            "update": "KB5029331",
            "architecture": "amd64"
        },
        {
            "version": "11-21H2",
            "update": "KB5029253",
            "architecture": "arm64"
        },
        {
            "version": "21H2",
            "update": "KB5029244",
            "architecture": "arm64"
        },
        {
            "version": "11-21H2",
            "update": "KB5029332",
            "architecture": "amd64"
        },
        {
            "version": "21H2",
            "update": "KB5035845",
            "architecture": "amd64"
        },
        {
            "version": "22H2",
            "update": "KB5037849",
            "architecture": "arm64"
        },
        {
            "version": "11-21H2",
            "update": "KB5035854",
            "architecture": "amd64"
        },
        {
            "version": "1507",
            "update": "KB5034774",
            "architecture": "amd64"
        },
        {
            "version": "22H2",
            "update": "BASE",
            "architecture": "amd64"
        },
        {
            "version": "1809",
            "update": "KB5039705",
            "architecture": "arm64"
        },
        {
            "version": "11-22H2",
            "update": "KB5036980",
            "architecture": "arm64"
        },
        {
            "version": "21H2",
            "update": "KB5037768",
            "architecture": "arm64"
        },
        {
            "version": "11-22H2",
            "update": "KB5032190",
            "architecture": "amd64"
        },
        {
            "version": "11-22H2",
            "update": "KB5029263",
            "architecture": "arm64"
        },
        {
            "version": "1809",
            "update": "KB5032196",
            "architecture": "amd64"
        },
        {
            "version": "11-21H2",
            "update": "KB5034766",
            "architecture": "arm64"
        },
        {
            "version": "21H2",
            "update": "KB5032189",
            "architecture": "amd64"
        },
        {
            "version": "11-22H2",
            "update": "KB5033375",
            "architecture": "arm64"
        },
        {
            "version": "11-22H2",
            "update": "KB5037771",
            "architecture": "arm64"
        },
        {
            "version": "1607",
            "update": "KB5035855",
            "architecture": "amd64"
        },
        {
            "version": "22H2",
            "update": "KB5039299",
            "architecture": "amd64"
        },
        {
            "version": "1507",
            "update": "KB5032199",
            "architecture": "amd64"
        },
        {
            "version": "1809",
            "update": "KB5040430",
            "architecture": "amd64"
        },
        {
            "version": "21H1",
            "update": "BASE",
            "architecture": "arm64"
        },
        {
            "version": "1903",
            "update": "BASE",
            "architecture": "arm64"
        },
        {
            "version": "1809",
            "update": "KB5039217",
            "architecture": "arm64"
        },
        {
            "version": "11-21H2",
            "update": "KB5030217",
            "architecture": "amd64"
        },
        {
            "version": "11-22H2",
            "update": "KB5037853",
            "architecture": "arm64"
        },
        {
            "version": "1809",
            "update": "KB5034127",
            "architecture": "arm64"
        },
        {
            "version": "11-Insider",
            "update": "fc5124db-8ac6-43e5-9e01-862b59648fbc",
            "architecture": "arm64"
        },
        {
            "version": "1507",
            "update": "KB5040448",
            "architecture": "amd64"
        },
        {
            "version": "11-22H2",
            "update": "KB5034123",
            "architecture": "amd64"
        },
        {
            "version": "11-21H2",
            "update": "KB5039213",
            "architecture": "amd64"
        },
        {
            "version": "21H2",
            "update": "KB5036892",
            "architecture": "arm64"
        },
        {
            "version": "1809",
            "update": "KB5035849",
            "architecture": "amd64"
        },
        {
            "version": "22H2",
            "update": "KB5040525",
            "architecture": "amd64"
        },
        {
            "version": "11-22H2",
            "update": "KB5036893",
            "architecture": "arm64"
        },
        {
            "version": "1607",
            "update": "KB5030213",
            "architecture": "amd64"
        },
        {
            "version": "11-22H2",
            "update": "KB5040442",
            "architecture": "amd64"
        },
        {
            "version": "1809",
            "update": "KB5037765",
            "architecture": "amd64"
        },
        {
            "version": "11-21H2",
            "update": "KB5031358",
            "architecture": "arm64"
        },
        {
            "version": "11-22H2",
            "update": "KB5029351",
            "architecture": "amd64"
        },
        {
            "version": "1809",
            "update": "BASE",
            "architecture": "amd64"
        },
        {
            "version": "1809",
            "update": "KB5029247",
            "architecture": "amd64"
        },
        {
            "version": "11-22H2",
            "update": "BASE",
            "architecture": "amd64"
        },
        {
            "version": "11-Insider",
            "update": "d9f4dcb6-65e6-413d-aaf2-821d67c1fd52",
            "architecture": "amd64"
        },
        {
            "version": "22H2",
            "update": "KB5032278",
            "architecture": "amd64"
        },
        {
            "version": "11-Insider",
            "update": "a0eed896-764b-497f-864a-29f540889571",
            "architecture": "amd64"
        },
        {
            "version": "21H2",
            "update": "KB5040427",
            "architecture": "amd64"
        },
        {
            "version": "21H2",
            "update": "KB5034122",
            "architecture": "arm64"
        },
        {
            "version": "11-22H2",
            "update": "KB5034765",
            "architecture": "arm64"
        },
        {
            "version": "22H2",
            "update": "KB5031445",
            "architecture": "amd64"
        },
        {
            "version": "1909",
            "update": "BASE",
            "architecture": "amd64"
        },
        {
            "version": "11-21H2",
            "update": "KB5040431",
            "architecture": "arm64"
        },
        {
            "version": "21H2",
            "update": "KB5031356",
            "architecture": "arm64"
        },
        {
            "version": "11-21H2",
            "update": "KB5032192",
            "architecture": "arm64"
        },
        {
            "version": "11-22H2",
            "update": "KB5034123",
            "architecture": "arm64"
        },
        {
            "version": "20H2",
            "update": "BASE",
            "architecture": "amd64"
        },
        {
            "version": "1809",
            "update": "KB5030214",
            "architecture": "amd64"
        },
        {
            "version": "22H2",
            "update": "KB5034203",
            "architecture": "amd64"
        },
        {
            "version": "11-21H2",
            "update": "KB5034121",
            "architecture": "arm64"
        },
        {
            "version": "22H2",
            "update": "KB5036979",
            "architecture": "amd64"
        },
        {
            "version": "11-22H2",
            "update": "KB5039302",
            "architecture": "arm64"
        },
        {
            "version": "1809",
            "update": "KB5036896",
            "architecture": "arm64"
        },
        {
            "version": "11-Insider",
            "update": "f48af559-3c48-4bee-9e76-b4ee02ccc1c7",
            "architecture": "amd64"
        },
        {
            "version": "1809",
            "update": "KB5037425",
            "architecture": "amd64"
        },
        {
            "version": "1809",
            "update": "KB5033371",
            "architecture": "arm64"
        },
        {
            "version": "1809",
            "update": "KB5035849",
            "architecture": "arm64"
        },
        {
            "version": "22H2",
            "update": "KB5030300",
            "architecture": "arm64"
        },
        {
            "version": "1607",
            "update": "KB5034767",
            "architecture": "amd64"
        },
        {
            "version": "11-22H2",
            "update": "KB5031354",
            "architecture": "arm64"
        },
        {
            "version": "21H2",
            "update": "BASE",
            "architecture": "arm64"
        },
        {
            "version": "1809",
            "update": "KB5034768",
            "architecture": "arm64"
        },
        {
            "version": "21H2",
            "update": "KB5039211",
            "architecture": "amd64"
        },
        {
            "version": "11-21H2",
            "update": "KB5036894",
            "architecture": "amd64"
        },
        {
            "version": "1709",
            "update": "BASE",
            "architecture": "amd64"
        },
        {
            "version": "11-22H2",
            "update": "KB5034848",
            "architecture": "amd64"
        },
        {
            "version": "1507",
            "update": "KB5034134",
            "architecture": "amd64"
        },
        {
            "version": "11-21H2",
            "update": "KB5037770",
            "architecture": "amd64"
        },
        {
            "version": "1803",
            "update": "BASE",
            "architecture": "arm64"
        },
        {
            "version": "2004",
            "update": "BASE",
            "architecture": "arm64"
        },
        {
            "version": "22H2",
            "update": "KB5032278",
            "architecture": "arm64"
        },
        {
            "version": "11-Insider",
            "update": "9f93fe1b-02be-4f2d-803b-640c695835c5",
            "architecture": "arm64"
        },
        {
            "version": "11-Insider",
            "update": "7f211b6b-36c3-469f-8d13-1423bf9f5418",
            "architecture": "arm64"
        },
        {
            "version": "22H2",
            "update": "KB5029331",
            "architecture": "arm64"
        }
    ],
    "binaries": {
        "ntoskrnl.exe": {
            "extracted_information": [
                "EXPORTS",
                "DEBUG_SYMBOLS",
                "MODULES",
                "TYPES",
                "SYSCALLS"
            ]
        },
        "win32k.sys": {
            "extracted_information": [
                "EXPORTS",
                "DEBUG_SYMBOLS",
                "MODULES",
                "TYPES",
                "SYSCALLS"
            ]
        },
        "win32kbase.sys": {
            "extracted_information": [
                "EXPORTS",
                "DEBUG_SYMBOLS",
                "MODULES",
                "TYPES"
            ]
        },
        "win32kfull.sys": {
            "extracted_information": [
                "EXPORTS",
                "DEBUG_SYMBOLS",
                "MODULES",
                "TYPES"
            ]
        },
        "cng.sys": {
            "extracted_information": [
                "EXPORTS",
                "DEBUG_SYMBOLS",
                "MODULES",
                "TYPES"
            ]
        },
        "ci.dll": {
            "extracted_information": [
                "EXPORTS",
                "DEBUG_SYMBOLS",
                "MODULES",
                "TYPES"
            ]
        },
        "hal.dll": {
            "extracted_information": [
                "EXPORTS",
                "DEBUG_SYMBOLS",
                "MODULES",
                "TYPES"
            ]
        },
        "bootvid.dll": {
            "extracted_information": [
                "EXPORTS",
                "DEBUG_SYMBOLS",
                "MODULES",
                "TYPES"
            ]
        },
        "kdcom.dll": {
            "extracted_information": [
                "EXPORTS",
                "DEBUG_SYMBOLS",
                "MODULES",
                "TYPES"
            ]
        },
        "ntdll.dll": {
            "extracted_information": [
                "EXPORTS",
                "DEBUG_SYMBOLS",
                "MODULES",
                "TYPES",
                "SYSCALLS"
            ]
        },
        "win32u.dll": {
            "extracted_information": [
                "EXPORTS",
                "DEBUG_SYMBOLS",
                "MODULES",
                "TYPES",
                "SYSCALLS"
            ]
        },
        "kernel32.dll": {
            "extracted_information": [
                "EXPORTS",
                "DEBUG_SYMBOLS",
                "MODULES",
                "TYPES"
            ]
        },
        "kernelbase.dll": {
            "extracted_information": [
                "EXPORTS",
                "DEBUG_SYMBOLS",
                "MODULES",
                "TYPES"
            ]
        },
        "user32.dll": {
            "extracted_information": [
                "EXPORTS",
                "DEBUG_SYMBOLS",
                "MODULES",
                "TYPES"
            ]
        },
        "csrsrv.dll": {
            "extracted_information": [
                "EXPORTS",
                "DEBUG_SYMBOLS",
                "MODULES",
                "TYPES"
            ]
        },
        "smss.exe": {
            "extracted_information": [
                "EXPORTS",
                "DEBUG_SYMBOLS",
                "MODULES",
                "TYPES"
            ]
        },
        "advapi32.dll": {
            "extracted_information": [
                "EXPORTS",
                "DEBUG_SYMBOLS",
                "MODULES",
                "TYPES"
            ]
        },
        "securekernel.exe": {
            "extracted_information": [
                "EXPORTS",
                "DEBUG_SYMBOLS",
                "MODULES",
                "TYPES"
            ]
        },
        "skci.dll": {
            "extracted_information": [
                "EXPORTS",
                "DEBUG_SYMBOLS",
                "MODULES",
                "TYPES"
            ]
        }
    }
}